Word,Level,Weight,Length,Start,End
medicin,1,12.76144286,1,2009,2009
menstral,1,11.00113915,1,2009,2009
midol,1,10.72764072,1,2009,2009
crampton,1,10.53034982,1,2009,2009
scrapp,1,9.017527685,1,2010,2010
truth,1,8.299789394,1,2009,2009
effect,1,8.141693029,1,2009,2009
singer,1,7.367365397,1,2009,2009
imodium,1,7.321776163,1,2012,2012
protect,1,7.149212795,1,2012,2012
cream,1,6.152111474,1,2009,2009
energi,1,6.022969372,1,2009,2009
crampon,1,5.910050584,1,2009,2009
blote,1,5.888500866,1,2009,2009
kati,1,5.65173783,1,2010,2010
allevi,1,5.642011607,1,2009,2009
skip,1,5.58846014,1,2012,2012
constip,1,5.485562682,1,2012,2012
appetit,1,5.299519856,1,2012,2012
coletrain,1,5.244467352,1,2009,2009
crampz,1,5.19126487,1,2010,2010
pineappl,1,5.164592016,1,2009,2009
method,1,5.157550669,1,2009,2009
lift,1,5.126995757,1,2009,2009
crampus,1,5.115257464,1,2009,2009
burp,1,5.09746115,1,2012,2012
sensit,1,5.065887842,1,2009,2009
findlay,1,5.009008466,1,2010,2010
tast,1,4.924177659,1,2012,2012
semen,1,4.880793609,1,2012,2012
tabi,1,4.828268909,2,2011,2012
09.24.10,1,4.828268909,2,2011,2012
counter,1,4.795449109,1,2009,2009
t&l,1,4.675017866,1,2010,2010
jackie1-13-10,1,4.675017866,1,2010,2010
calli,1,4.649800567,1,2012,2012
lu,1,4.501820048,1,2009,2009
sp,1,4.471304317,1,2009,2009
finish,1,4.402872567,1,2009,2009
work,1,4.346969659,1,2009,2009
r&j,1,4.274321425,1,2012,2012
ovul,1,4.240801533,1,2012,2012
d.s.k,1,4.184398546,2,2011,2012
hey,1,4.181844172,1,2009,2009
diagnosi,1,4.170394768,1,2009,2009
elder,1,4.134989994,2,2011,2012
manda,1,4.109416016,1,2009,2009
dad,1,4.085577441,2,2011,2012
swine,1,4.078927588,1,2009,2009
sjw,1,4.078927588,1,2009,2009
ecstaci,1,4.078927588,1,2009,2009
havnt,1,4.067102306,1,2010,2010
liquid,1,4.037185316,1,2010,2010
taken,1,4.02173828,1,2009,2009
enjoy,1,3.937315779,2,2011,2012
killer,1,3.903210614,1,2009,2009
notic,1,3.887887223,2,2011,2012
runnin,1,3.880467483,1,2010,2010
noel,1,3.862475041,2,2011,2012
3kayla,1,3.862475041,2,2011,2012
idea,1,3.819822273,1,2009,2009
blowd,1,3.813059704,2,2011,2012
pelvi,1,3.800651813,1,2009,2009
live,1,3.789365438,1,2009,2009
problem,1,3.784321047,1,2009,2009
cough,1,3.770201808,1,2009,2009
anna,1,3.747554224,1,2009,2009
alivia,1,3.739984425,1,2012,2012
alexxandrya,1,3.739984425,1,2012,2012
3wzb,1,3.739984425,1,2012,2012
band,1,3.720546138,1,2009,2009
uncomfort,1,3.710657322,1,2012,2012
hole,1,3.690132973,2,2011,2012
sum,1,3.557069133,1,2009,2009
stds,1,3.537584692,1,2012,2012
nausious,1,3.537584692,1,2012,2012
thehritzin,1,3.496179687,1,2009,2009
x,1,3.49579274,1,2010,2010
read,1,3.494042503,1,2012,2012
amp,1,3.47990039,1,2012,2012
heavier,1,3.396967215,1,2009,2009
track,1,3.396967215,1,2009,2009
feminin,1,3.366538299,1,2009,2009
dur,1,3.363278472,1,2012,2012
arch,1,3.347308232,1,2009,2009
p,1,3.343713096,1,2010,2010
bryan,1,3.339136482,1,2010,2010
3carolyn,1,3.339136482,1,2010,2010
weizberg,1,3.339136482,1,2010,2010
nausa,1,3.321003625,1,2012,2012
die,1,3.319722277,1,2009,2009
ilovemelissa,1,3.288477604,1,2010,2010
11th,1,3.263330571,1,2012,2012
aug,1,3.263330571,1,2012,2012
rectum,1,3.256045685,1,2009,2009
prescrib,1,3.225626073,1,2009,2009
love4-ev,1,3.21865138,2,2011,2012
o3,1,3.21865138,2,2011,2012
jrg,1,3.21865138,2,2011,2012
3o3,1,3.21865138,2,2011,2012
charli,1,3.212980563,1,2009,2009
lv,1,3.205660803,1,2012,2012
oragasm,1,3.205660803,1,2012,2012
zakey,1,3.205660803,1,2012,2012
fart,1,3.204293248,1,2012,2012
emili,1,3.19520708,1,2009,2009
god,1,3.19153502,1,2010,2010
rough,1,3.175961706,1,2009,2009
mommi,1,3.169222477,2,2011,2012
fulli,1,3.164788707,1,2009,2009
3i,1,3.119789573,2,2011,2012
flu,1,3.076527377,1,2009,2009
abdoman,1,3.074917709,1,2012,2012
ap,1,3.005186388,1,2010,2010
ciporah,1,3.005186388,1,2010,2010
funsiz,1,3.005186388,1,2010,2010
sort,1,3.004649477,1,2009,2009
persist,1,3.003197534,1,2012,2012
suffer,1,2.984294846,1,2010,2010
jon,1,2.979850897,1,2010,2010
menstrul,1,2.959499794,1,2009,2009
daniell,1,2.954512674,1,2010,2010
naseua,1,2.943846835,1,2009,2009
luv,1,2.924550373,1,2009,2009
headac,1,2.922017944,2,2011,2012
t.n.t,1,2.913446441,1,2009,2009
fanmwu,1,2.913446441,1,2009,2009
kay,1,2.903828036,1,2010,2010
311.15.09,1,2.896751225,2,2011,2012
chevi,1,2.896751225,2,2011,2012
jonathan&meghyn,1,2.896751225,2,2011,2012
know,1,2.871459036,1,2009,2009
mec,1,2.847315539,2,2011,2012
ad,1,2.844288209,1,2012,2012
c,1,2.825049808,1,2009,2009
pregenc,1,2.823108114,2,2011,2012
spotti,1,2.786639043,1,2012,2012
fact,1,2.753276971,1,2009,2009
infect,1,2.733691016,1,2012,2012
menstraul,1,2.709007897,1,2009,2009
gonna,1,2.705891272,1,2009,2009
remov,1,2.703538938,1,2009,2009
dy,1,2.67135056,1,2012,2012
taff,1,2.67135056,1,2012,2012
sfr,1,2.67135056,1,2012,2012
trr,1,2.67135056,1,2012,2012
74w3stside74,1,2.671244393,1,2010,2010
leifer,1,2.671244393,1,2010,2010
comment,1,2.671244393,1,2010,2010
sandra&kyl,1,2.671244393,1,2010,2010
sweet,1,2.642787166,1,2009,2009
relat,1,2.625625446,1,2009,2009
lump,1,2.612412199,1,2009,2009
newberg,1,2.607111708,2,2011,2012
ili,1,2.603512521,1,2010,2010
ne,1,2.582037845,1,2009,2009
pizzichillo,1,2.574858851,2,2011,2012
j@i,1,2.574858851,2,2011,2012
scb,1,2.574858851,2,2011,2012
hiara,1,2.574858851,2,2011,2012
3-msc,1,2.574858851,2,2011,2012
10/24/2010,1,2.574858851,2,2011,2012
kenni,1,2.574858851,2,2011,2012
luvin,1,2.574858851,2,2011,2012
soap,1,2.574111408,1,2010,2010
arous,1,2.56985637,1,2010,2010
question,1,2.554113454,1,2009,2009
chelsea,1,2.544502535,1,2010,2010
consum,1,2.53229445,1,2009,2009
lock,1,2.53229445,1,2009,2009
signifi,1,2.53229445,1,2009,2009
jaw,1,2.525701207,1,2009,2009
claim,1,2.512460935,1,2012,2012
interior,1,2.501928165,1,2009,2009
lux,1,2.501928165,1,2009,2009
minstrel,1,2.496744784,1,2012,2012
iv,1,2.476797575,2,2011,2012
proven,1,2.471562492,1,2009,2009
ligament,1,2.471562492,1,2009,2009
sinus,1,2.471562492,1,2009,2009
serious,1,2.468823758,1,2012,2012
thank,1,2.432702028,1,2009,2009
practic,1,2.428324979,2,2009,2010
cervix,1,2.392322127,1,2010,2010
floor,1,2.37706497,2,2011,2012
diarhea,1,2.371999942,1,2009,2009
complet,1,2.371999942,1,2009,2009
lee,1,2.36753511,1,2012,2012
word,1,2.363305549,1,2009,2009
medican,1,2.361084229,1,2009,2009
superman,1,2.361084229,1,2009,2009
purpl,1,2.361084229,1,2009,2009
messag,1,2.361084229,1,2009,2009
navel,1,2.361084229,1,2009,2009
ty,1,2.353567125,1,2012,2012
nausiat,1,2.353567125,1,2012,2012
dean,1,2.353567125,1,2012,2012
joshua,1,2.337310498,1,2010,2010
foul,1,2.337310498,1,2010,2010
bennett,1,2.337310498,1,2010,2010
bbyboo,1,2.337310498,1,2010,2010
tide,1,2.337310498,1,2010,2010
jonni,1,2.337310498,1,2010,2010
bayer,1,2.337310498,1,2010,2010
ana,1,2.337310498,1,2010,2010
bowel,1,2.332968582,1,2009,2009
i.love.briana,1,2.330727849,1,2009,2009
ialh,1,2.330727849,1,2009,2009
am&a,1,2.330727849,1,2009,2009
giardiasi,1,2.330727849,1,2009,2009
arian,1,2.330727849,1,2009,2009
dylon,1,2.330727849,1,2009,2009
imupaid,1,2.330727849,1,2009,2009
destin,1,2.330727849,1,2009,2009
st&nd,1,2.330727849,1,2009,2009
dylan&stormi,1,2.330727849,1,2009,2009
50266,1,2.330727849,1,2009,2009
f&a,1,2.286607116,1,2010,2010
nt,1,2.286607116,1,2010,2010
cat,1,2.266229625,1,2012,2012
roll,1,2.261251327,1,2010,2010
ice,1,2.254308778,1,2009,2009
333,1,2.253775119,2,2011,2012
4/6/2011,1,2.25297426,2,2011,2012
trent,1,2.25297426,2,2011,2012
jae,1,2.25297426,2,2011,2012
pilot,1,2.25297426,2,2011,2012
lne,1,2.25297426,2,2011,2012
omi,1,2.25297426,2,2011,2012
3bradi,1,2.25297426,2,2011,2012
anjelica,1,2.25297426,2,2011,2012
71_day,1,2.25297426,2,2011,2012
prtht,1,2.25297426,2,2011,2012
ajr,1,2.25297426,2,2011,2012
stole,1,2.25297426,2,2011,2012
bethani,1,2.25297426,2,2011,2012
rain,1,2.250603055,1,2009,2009
joy,1,2.220255355,1,2009,2009
lyk,1,2.220255355,1,2009,2009
philippians4,1,2.220255355,1,2009,2009
perform,1,2.220255355,1,2009,2009
pwr,1,2.220255355,1,2009,2009
member,1,2.220255355,1,2009,2009
iowa,1,2.220255355,1,2009,2009
nuva,1,2.211099259,2,2009,2010
yeah,1,2.210531552,1,2010,2010
event,1,2.210531552,1,2010,2010
orgasim,1,2.208609035,1,2012,2012
center,1,2.208609035,1,2012,2012
street,1,2.20352501,2,2011,2012
hive,1,2.20352501,2,2011,2012
zackari,1,2.20352501,2,2011,2012
smrt,1,2.20352501,2,2011,2012
root,1,2.194669128,1,2012,2012
cracker,1,2.194669128,1,2012,2012
sperm,1,2.192064101,1,2009,2009
fish,1,2.181806287,2,2009,2010
player,1,2.170458597,1,2009,2009
you'v,1,2.164907299,1,2012,2012
swallow,1,2.164907299,1,2012,2012
143,1,2.154071758,2,2011,2012
pick,1,2.150991726,1,2012,2012
throwin,1,2.14011897,1,2009,2009
hannah,1,2.14011897,1,2009,2009
oil,1,2.14011897,1,2009,2009
mw,1,2.137053695,1,2012,2012
vinigar,1,2.137053695,1,2012,2012
mhm,1,2.137053695,1,2012,2012
vero,1,2.137053695,1,2012,2012
jba&blz,1,2.137053695,1,2012,2012
j.k.b,1,2.137053695,1,2012,2012
34eva/a,1,2.137053695,1,2012,2012
unbeauti,1,2.137053695,1,2012,2012
cupid,1,2.137053695,1,2012,2012
liveforjesus,1,2.137053695,1,2012,2012
3shehasmyheart,1,2.137053695,1,2012,2012
c&b,1,2.137053695,1,2012,2012
sister,1,2.134431393,1,2010,2010
alcohol,1,2.122476441,1,2009,2009
novemb,1,2.118208158,2,2011,2012
restless,1,2.109779951,1,2009,2009
field,1,2.109779951,1,2009,2009
snh,1,2.109779951,1,2009,2009
suden,1,2.109779951,1,2009,2009
enduc,1,2.109779951,1,2009,2009
redus,1,2.109779951,1,2009,2009
armpit,1,2.109779951,1,2009,2009
akh,1,2.109779951,1,2009,2009
kyle,1,2.104614504,2,2011,2012
came,1,2.102538091,1,2012,2012
32,1,2.093377696,1,2012,2012
famili,1,2.093377696,1,2012,2012
worst,1,2.092163794,1,2009,2009
suggest,1,2.090294468,1,2009,2009
bleedin,1,2.070759405,1,2009,2009
jr,1,2.055153249,2,2011,2012
build,1,2.050305893,2,2009,2010
stone,1,2.049678773,1,2012,2012
oxycodon,1,2.035766945,1,2012,2012
trigger,1,2.035766945,1,2012,2012
second,1,2.031540274,1,2009,2009
adderal,1,2.029631974,1,2009,2009
fit,1,2.010617805,2,2009,2010
wear,1,2.010110661,1,2009,2009
diarreah,1,2.010110661,1,2009,2009
diem,1,2.003384703,1,2010,2010
jrq,1,2.003384703,1,2010,2010
leah,1,2.003384703,1,2010,2010
bigman,1,2.003384703,1,2010,2010
tyler&kati,1,2.003384703,1,2010,2010
n.l.4l,1,2.003384703,1,2010,2010
forevermor,1,2.003384703,1,2010,2010
tigger&poohbear,1,2.003384703,1,2010,2010
ozz,1,2.003384703,1,2010,2010
rjk,1,2.003384703,1,2010,2010
iloveamanda,1,2.003384703,1,2010,2010
dylannn,1,2.003384703,1,2010,2010
fascicul,1,2.003384703,1,2010,2010
sp3c,1,2.003384703,1,2010,2010
stand.by.m,1,2.003384703,1,2010,2010
bump,1,1.992069429,1,2012,2012
howlu,1,1.987664559,2,2009,2010
wtf,1,1.987664559,2,2009,2010
great,1,1.979787193,1,2009,2009
diarria,1,1.978159474,1,2012,2012
marcus,1,1.978159474,1,2012,2012
8month,1,1.978159474,1,2012,2012
jdm,1,1.978026961,1,2010,2010
3ili,1,1.978026961,1,2010,2010
stormi,1,1.978026961,1,2010,2010
preggo,1,1.978026961,1,2010,2010
ppl,1,1.958291767,2,2009,2010
bubbl,1,1.956218729,2,2011,2012
happili,1,1.956218729,2,2011,2012
savannah,1,1.955247499,2,2011,2012
0,1,1.952666487,1,2010,2010
pregnatci,1,1.952666487,1,2010,2010
caf,1,1.952666487,1,2010,2010
stitch,1,1.949464328,1,2009,2009
rule,1,1.941740059,2,2009,2010
locat,1,1.940609449,1,2009,2009
3ilysomuchbabie8,1,1.931097451,2,2011,2012
debbi,1,1.931097451,2,2011,2012
12.10.10,1,1.931097451,2,2011,2012
jen,1,1.931097451,2,2011,2012
fuhrm,1,1.931097451,2,2011,2012
makayla,1,1.931097451,2,2011,2012
squrmi,1,1.931097451,2,2011,2012
chair,1,1.931097451,2,2011,2012
lauren&zach,1,1.931097451,2,2011,2012
breana,1,1.931097451,2,2011,2012
3hali,1,1.931097451,2,2011,2012
mysexyaubre,1,1.931097451,2,2011,2012
bnr,1,1.931097451,2,2011,2012
aren't,1,1.929907169,1,2009,2009
sam,1,1.927303281,1,2010,2010
wisdom,1,1.927303281,1,2010,2010
matt,1,1.919142068,1,2009,2009
fwd,1,1.912248618,2,2009,2010
diahrea,1,1.905983255,1,2010,2010
non,1,1.902214634,1,2012,2012
workin,1,1.901937342,1,2010,2010
partner,1,1.901937342,1,2010,2010
blead,1,1.901937342,1,2010,2010
m.a.m.a,1,1.901937342,1,2010,2010
awesom,1,1.888820412,1,2009,2009
jb,1,1.888820412,1,2009,2009
sh,1,1.888820412,1,2009,2009
thirsti,1,1.888820412,1,2009,2009
rae,1,1.888820412,1,2009,2009
cranki,1,1.888820412,1,2009,2009
christma,1,1.888820412,1,2009,2009
menstruat,1,1.88241698,1,2009,2009
virgina,1,1.881641419,2,2011,2012
ilovehim,1,1.881641419,2,2011,2012
lesbian,1,1.881641419,2,2011,2012
recommend,1,1.881641419,2,2011,2012
marina,1,1.881641419,2,2011,2012
missin,1,1.881641419,2,2011,2012
fixin,1,1.881641419,2,2011,2012
11,1,1.874653597,1,2012,2012
caffin,1,1.869277005,1,2009,2009
show,1,1.869277005,1,2009,2009
dylan,1,1.851197267,1,2010,2010
began,1,1.851197267,1,2010,2010
stuck,1,1.838962826,1,2009,2009
supplement,1,1.838962826,1,2009,2009
diaphram,1,1.833142944,1,2012,2012
lead,1,1.820893703,1,2009,2009
hs,1,1.819261067,1,2012,2012
exceris,1,1.819261067,1,2012,2012
jame,1,1.819261067,1,2012,2012
yhu,1,1.819261067,1,2012,2012
paul,1,1.819261067,1,2012,2012
mensrual,1,1.819261067,1,2012,2012
correct,1,1.80864925,1,2009,2009
wasn't,1,1.80864925,1,2009,2009
sarah,1,1.80864925,1,2009,2009
myth,1,1.80864925,1,2009,2009
eye,1,1.804379608,1,2010,2010
orang,1,1.799740898,1,2009,2009
implam,1,1.792290436,2,2011,2012
shower,1,1.78907,1,2009,2009
40,1,1.787195076,2,2009,2010
thee,1,1.787195076,2,2009,2010
alev,1,1.783298987,2,2011,2012
meth,1,1.782717349,2,2011,2012
quinin,1,1.778336277,1,2009,2009
iz,1,1.778336277,1,2009,2009
19,1,1.775544843,1,2012,2012
til,1,1.775544843,1,2012,2012
ui,1,1.764235048,2,2009,2010
alic,1,1.764235048,2,2009,2010
tend,1,1.758763906,1,2009,2009
sound,1,1.758763906,1,2009,2009
hesaidshesaid,1,1.748023909,1,2009,2009
colonoscopi,1,1.748023909,1,2009,2009
monthley,1,1.748023909,1,2009,2009
Apr-33,1,1.748023909,1,2009,2009
h1n1,1,1.748023909,1,2009,2009
cr,1,1.748023909,1,2009,2009
kc,1,1.748023909,1,2009,2009
5-0-0,1,1.748023909,1,2009,2009
sk8boarder,1,1.748023909,1,2009,2009
urawru,1,1.748023909,1,2009,2009
8min,1,1.748023909,1,2009,2009
crampionship,1,1.748023909,1,2009,2009
l8r,1,1.748023909,1,2009,2009
kgb,1,1.748023909,1,2009,2009
west,1,1.748023909,1,2009,2009
lll,1,1.748023909,1,2009,2009
madridista,1,1.748023909,1,2009,2009
jericko,1,1.748023909,1,2009,2009
cardin,1,1.748023909,1,2009,2009
ovi,1,1.748023909,1,2009,2009
loves.him,1,1.748023909,1,2009,2009
stabbin,1,1.748023909,1,2009,2009
utonyau,1,1.748023909,1,2009,2009
rou,1,1.748023909,1,2009,2009
moin,1,1.748023909,1,2009,2009
samanthea,1,1.748023909,1,2009,2009
diahreaa,1,1.748023909,1,2009,2009
angl,1,1.748023909,1,2009,2009
ogestrel,1,1.748023909,1,2009,2009
umi,1,1.748023909,1,2009,2009
influenc,1,1.748023909,1,2009,2009
latin,1,1.748023909,1,2009,2009
yung,1,1.748023909,1,2009,2009
aalishamfb,1,1.748023909,1,2009,2009
leighu,1,1.748023909,1,2009,2009
keri&tyl,1,1.748023909,1,2009,2009
wtaf,1,1.748023909,1,2009,2009
ringz,1,1.748023909,1,2009,2009
brent,1,1.748023909,1,2009,2009
3andsoul,1,1.748023909,1,2009,2009
wwjd,1,1.748023909,1,2009,2009
tomm,1,1.748023909,1,2009,2009
esophag,1,1.748023909,1,2009,2009
ucanbemysum1,1,1.748023909,1,2009,2009
crest,1,1.748023909,1,2009,2009
meisner,1,1.748023909,1,2009,2009
8/17/2008,1,1.748023909,1,2009,2009
encantabdh,1,1.748023909,1,2009,2009
nasuea,1,1.733249311,2,2011,2012
relev,1,1.728458413,1,2009,2009
specif,1,1.728458413,1,2009,2009
purpos,1,1.728458413,1,2009,2009
ring,1,1.718296982,2,2009,2010
bless,1,1.71795002,1,2012,2012
tonic,1,1.698153521,1,2009,2009
diabet,1,1.698153521,1,2009,2009
whts,1,1.68377727,2,2011,2012
wifey,1,1.68377727,2,2011,2012
scare,1,1.674212272,1,2012,2012
cmh,1,1.669467007,1,2010,2010
nerd,1,1.669467007,1,2010,2010
hr,1,1.669467007,1,2010,2010
q1,1,1.669467007,1,2010,2010
jaredunukari,1,1.669467007,1,2010,2010
kjv,1,1.669467007,1,2010,2010
kmm,1,1.669467007,1,2010,2010
ruless,1,1.669467007,1,2010,2010
unicorn&glitt,1,1.669467007,1,2010,2010
fifth,1,1.669467007,1,2010,2010
b.u.g,1,1.669467007,1,2010,2010
njs,1,1.669467007,1,2010,2010
drunx,1,1.669467007,1,2010,2010
5-Feb,1,1.669467007,1,2010,2010
0ne,1,1.669467007,1,2010,2010
3hnb,1,1.669467007,1,2010,2010
udo,1,1.669467007,1,2010,2010
cashhhh,1,1.669467007,1,2010,2010
dudebro,1,1.669467007,1,2010,2010
medford,1,1.669467007,1,2010,2010
calori,1,1.669467007,1,2010,2010
auto,1,1.669467007,1,2010,2010
tlomlf,1,1.669467007,1,2010,2010
uscrappsu,1,1.669467007,1,2010,2010
dare,1,1.669467007,1,2010,2010
nausead,1,1.669467007,1,2010,2010
10/2/2009,1,1.669467007,1,2010,2010
taylorr,1,1.669467007,1,2010,2010
4life,1,1.669467007,1,2010,2010
justin&kelsey,1,1.669467007,1,2010,2010
spiritu,1,1.669467007,1,2010,2010
ilovemckenzi,1,1.669467007,1,2010,2010
basi,1,1.667849231,1,2009,2009
wt,1,1.667849231,1,2009,2009
allergi,1,1.667849231,1,2009,2009
link,1,1.667849231,1,2009,2009
greasi,1,1.667849231,1,2009,2009
yaz,1,1.667849231,1,2009,2009
slow,1,1.667849231,1,2009,2009
ale,1,1.667849231,1,2009,2009
cafe,1,1.667849231,1,2009,2009
aliev,1,1.660358474,1,2012,2012
pregnac,1,1.660358474,1,2012,2012
shanna,1,1.660358474,1,2012,2012
gurgl,1,1.660358474,1,2012,2012
milki,1,1.660358474,1,2012,2012
yawn,1,1.648247894,1,2009,2009
strep,1,1.644101848,1,2010,2010
grls,1,1.644101848,1,2010,2010
cl,1,1.644101848,1,2010,2010
brandon,1,1.644101848,1,2010,2010
involuntari,1,1.644101848,1,2010,2010
jessi,1,1.644101848,1,2010,2010
thinner,1,1.637545544,1,2009,2009
shawti,1,1.637545544,1,2009,2009
ev,1,1.637545544,1,2009,2009
ps,1,1.637545544,1,2009,2009
heavey,1,1.637545544,1,2009,2009
lesser,1,1.637545544,1,2009,2009
16th,1,1.637545544,1,2009,2009
bolt,1,1.637545544,1,2009,2009
climb,1,1.637545544,1,2009,2009
zoe,1,1.637545544,1,2009,2009
hunch,1,1.637545544,1,2009,2009
usmc,1,1.637545544,1,2009,2009
andrea,1,1.637545544,1,2009,2009
accord,1,1.637545544,1,2009,2009
negat,1,1.627947869,1,2012,2012
didnt,1,1.625070986,1,2012,2012
muscal,1,1.618733958,1,2010,2010
provent,1,1.618733958,1,2010,2010
moan,1,1.618733958,1,2010,2010
2day,1,1.618733958,1,2010,2010
war,1,1.618733958,1,2010,2010
german,1,1.618733958,1,2010,2010
trick,1,1.617951088,1,2009,2009
kiss,1,1.616622136,1,2012,2012
nervous,1,1.616622136,1,2012,2012
bananna,1,1.609821778,2,2011,2012
